departement,inondable,montagne1,zone_defavorisee_simple1,prediction,proba inondation en pourcentage,max_proba,annonce
01,0,0,0,0,8.46,8.5,Risque faible d'inondation. Dans votre département la zone la plus à risque a 8.5% de probabilité de subir une inondation dans les 24 prochaines heures
01,0,0,1,0,7.58,8.5,Risque faible d'inondation. Dans votre département la zone la plus à risque a 8.5% de probabilité de subir une inondation dans les 24 prochaines heures
01,0,1,0,0,8.5,8.5,Risque faible d'inondation. Dans votre département la zone la plus à risque a 8.5% de probabilité de subir une inondation dans les 24 prochaines heures
01,0,1,1,0,7.62,8.5,Risque faible d'inondation. Dans votre département la zone la plus à risque a 8.5% de probabilité de subir une inondation dans les 24 prochaines heures
02,0,0,0,0,16.39,16.39,Risque faible d'inondation. Dans votre département la zone la plus à risque a 16.39% de probabilité de subir une inondation dans les 24 prochaines heures
03,0,0,0,0,7.6,8.46,Risque faible d'inondation. Dans votre département la zone la plus à risque a 8.46% de probabilité de subir une inondation dans les 24 prochaines heures
03,0,0,1,0,8.46,8.46,Risque faible d'inondation. Dans votre département la zone la plus à risque a 8.46% de probabilité de subir une inondation dans les 24 prochaines heures
03,0,1,0,0,6.73,8.46,Risque faible d'inondation. Dans votre département la zone la plus à risque a 8.46% de probabilité de subir une inondation dans les 24 prochaines heures
03,0,1,1,0,7.6,8.46,Risque faible d'inondation. Dans votre département la zone la plus à risque a 8.46% de probabilité de subir une inondation dans les 24 prochaines heures
04,0,0,0,0,6.83,6.83,Risque faible d'inondation. Dans votre département la zone la plus à risque a 6.83% de probabilité de subir une inondation dans les 24 prochaines heures
04,0,1,0,0,6.81,6.83,Risque faible d'inondation. Dans votre département la zone la plus à risque a 6.83% de probabilité de subir une inondation dans les 24 prochaines heures
05,0,1,0,0,7.81,7.81,Risque faible d'inondation. Dans votre département la zone la plus à risque a 7.81% de probabilité de subir une inondation dans les 24 prochaines heures
06,0,0,0,0,5.75,5.75,Risque faible d'inondation. Dans votre département la zone la plus à risque a 5.75% de probabilité de subir une inondation dans les 24 prochaines heures
06,0,1,0,0,4.89,5.75,Risque faible d'inondation. Dans votre département la zone la plus à risque a 5.75% de probabilité de subir une inondation dans les 24 prochaines heures
07,0,0,0,0,8.61,8.7,Risque faible d'inondation. Dans votre département la zone la plus à risque a 8.7% de probabilité de subir une inondation dans les 24 prochaines heures
07,0,0,1,0,8.5,8.7,Risque faible d'inondation. Dans votre département la zone la plus à risque a 8.7% de probabilité de subir une inondation dans les 24 prochaines heures
07,0,1,0,0,8.7,8.7,Risque faible d'inondation. Dans votre département la zone la plus à risque a 8.7% de probabilité de subir une inondation dans les 24 prochaines heures
07,0,1,1,0,8.59,8.7,Risque faible d'inondation. Dans votre département la zone la plus à risque a 8.7% de probabilité de subir une inondation dans les 24 prochaines heures
08,0,0,0,0,14.39,14.39,Risque faible d'inondation. Dans votre département la zone la plus à risque a 14.39% de probabilité de subir une inondation dans les 24 prochaines heures
09,0,0,1,0,5.78,9.67,Risque faible d'inondation. Dans votre département la zone la plus à risque a 9.67% de probabilité de subir une inondation dans les 24 prochaines heures
09,0,1,0,0,9.67,9.67,Risque faible d'inondation. Dans votre département la zone la plus à risque a 9.67% de probabilité de subir une inondation dans les 24 prochaines heures
10,0,0,0,0,16.47,16.47,Risque faible d'inondation. Dans votre département la zone la plus à risque a 16.47% de probabilité de subir une inondation dans les 24 prochaines heures
10,0,0,1,0,13.46,16.47,Risque faible d'inondation. Dans votre département la zone la plus à risque a 16.47% de probabilité de subir une inondation dans les 24 prochaines heures
11,0,0,0,0,1.94,7.49,Risque faible d'inondation. Dans votre département la zone la plus à risque a 7.49% de probabilité de subir une inondation dans les 24 prochaines heures
11,0,0,1,0,2.8,7.49,Risque faible d'inondation. Dans votre département la zone la plus à risque a 7.49% de probabilité de subir une inondation dans les 24 prochaines heures
11,0,1,0,0,4.71,7.49,Risque faible d'inondation. Dans votre département la zone la plus à risque a 7.49% de probabilité de subir une inondation dans les 24 prochaines heures
11,1,0,0,0,6.65,7.49,Risque faible d'inondation. Dans votre département la zone la plus à risque a 7.49% de probabilité de subir une inondation dans les 24 prochaines heures
11,1,0,1,0,3.9,7.49,Risque faible d'inondation. Dans votre département la zone la plus à risque a 7.49% de probabilité de subir une inondation dans les 24 prochaines heures
11,1,1,0,0,7.49,7.49,Risque faible d'inondation. Dans votre département la zone la plus à risque a 7.49% de probabilité de subir une inondation dans les 24 prochaines heures
12,0,0,1,0,5.78,9.67,Risque faible d'inondation. Dans votre département la zone la plus à risque a 9.67% de probabilité de subir une inondation dans les 24 prochaines heures
12,0,1,0,0,9.67,9.67,Risque faible d'inondation. Dans votre département la zone la plus à risque a 9.67% de probabilité de subir une inondation dans les 24 prochaines heures
12,0,1,1,0,7.66,9.67,Risque faible d'inondation. Dans votre département la zone la plus à risque a 9.67% de probabilité de subir une inondation dans les 24 prochaines heures
13,0,0,0,0,6.8,6.8,Risque faible d'inondation. Dans votre département la zone la plus à risque a 6.8% de probabilité de subir une inondation dans les 24 prochaines heures
14,0,0,0,0,20.56,21.44,Risque faible d'inondation. Dans votre département la zone la plus à risque a 21.44% de probabilité de subir une inondation dans les 24 prochaines heures
14,0,0,1,0,17.47,21.44,Risque faible d'inondation. Dans votre département la zone la plus à risque a 21.44% de probabilité de subir une inondation dans les 24 prochaines heures
14,1,0,0,0,21.44,21.44,Risque faible d'inondation. Dans votre département la zone la plus à risque a 21.44% de probabilité de subir une inondation dans les 24 prochaines heures
14,1,0,1,0,15.59,21.44,Risque faible d'inondation. Dans votre département la zone la plus à risque a 21.44% de probabilité de subir une inondation dans les 24 prochaines heures
15,0,1,0,0,3.89,3.89,Risque faible d'inondation. Dans votre département la zone la plus à risque a 3.89% de probabilité de subir une inondation dans les 24 prochaines heures
16,0,0,0,0,17.33,20.13,Risque faible d'inondation. Dans votre département la zone la plus à risque a 20.13% de probabilité de subir une inondation dans les 24 prochaines heures
16,0,0,1,0,20.13,20.13,Risque faible d'inondation. Dans votre département la zone la plus à risque a 20.13% de probabilité de subir une inondation dans les 24 prochaines heures
16,1,0,0,0,17.27,20.13,Risque faible d'inondation. Dans votre département la zone la plus à risque a 20.13% de probabilité de subir une inondation dans les 24 prochaines heures
16,1,0,1,0,18.24,20.13,Risque faible d'inondation. Dans votre département la zone la plus à risque a 20.13% de probabilité de subir une inondation dans les 24 prochaines heures
17,0,0,0,0,21.29,22.21,Risque faible d'inondation. Dans votre département la zone la plus à risque a 22.21% de probabilité de subir une inondation dans les 24 prochaines heures
17,0,0,1,0,22.21,22.21,Risque faible d'inondation. Dans votre département la zone la plus à risque a 22.21% de probabilité de subir une inondation dans les 24 prochaines heures
18,0,0,0,0,17.39,18.24,Risque faible d'inondation. Dans votre département la zone la plus à risque a 18.24% de probabilité de subir une inondation dans les 24 prochaines heures
18,0,0,1,0,18.24,18.24,Risque faible d'inondation. Dans votre département la zone la plus à risque a 18.24% de probabilité de subir une inondation dans les 24 prochaines heures
18,1,0,0,0,17.24,18.24,Risque faible d'inondation. Dans votre département la zone la plus à risque a 18.24% de probabilité de subir une inondation dans les 24 prochaines heures
18,1,0,1,0,16.3,18.24,Risque faible d'inondation. Dans votre département la zone la plus à risque a 18.24% de probabilité de subir une inondation dans les 24 prochaines heures
19,0,0,1,0,5.54,5.74,Risque faible d'inondation. Dans votre département la zone la plus à risque a 5.74% de probabilité de subir une inondation dans les 24 prochaines heures
19,0,1,0,0,5.74,5.74,Risque faible d'inondation. Dans votre département la zone la plus à risque a 5.74% de probabilité de subir une inondation dans les 24 prochaines heures
21,0,0,0,0,19.47,19.47,Risque faible d'inondation. Dans votre département la zone la plus à risque a 19.47% de probabilité de subir une inondation dans les 24 prochaines heures
21,0,0,1,0,17.45,19.47,Risque faible d'inondation. Dans votre département la zone la plus à risque a 19.47% de probabilité de subir une inondation dans les 24 prochaines heures
21,0,1,0,0,12.69,19.47,Risque faible d'inondation. Dans votre département la zone la plus à risque a 19.47% de probabilité de subir une inondation dans les 24 prochaines heures
22,0,0,0,0,16.5,16.5,Risque faible d'inondation. Dans votre département la zone la plus à risque a 16.5% de probabilité de subir une inondation dans les 24 prochaines heures
22,1,0,0,0,13.64,16.5,Risque faible d'inondation. Dans votre département la zone la plus à risque a 16.5% de probabilité de subir une inondation dans les 24 prochaines heures
23,0,0,1,0,11.43,11.43,Risque faible d'inondation. Dans votre département la zone la plus à risque a 11.43% de probabilité de subir une inondation dans les 24 prochaines heures
23,0,1,0,0,10.62,11.43,Risque faible d'inondation. Dans votre département la zone la plus à risque a 11.43% de probabilité de subir une inondation dans les 24 prochaines heures
24,0,0,1,0,12.23,12.23,Risque faible d'inondation. Dans votre département la zone la plus à risque a 12.23% de probabilité de subir une inondation dans les 24 prochaines heures
25,0,0,0,0,12.24,12.47,Risque faible d'inondation. Dans votre département la zone la plus à risque a 12.47% de probabilité de subir une inondation dans les 24 prochaines heures
25,0,0,1,0,12.47,12.47,Risque faible d'inondation. Dans votre département la zone la plus à risque a 12.47% de probabilité de subir une inondation dans les 24 prochaines heures
25,0,1,0,0,9.49,12.47,Risque faible d'inondation. Dans votre département la zone la plus à risque a 12.47% de probabilité de subir une inondation dans les 24 prochaines heures
25,0,1,1,0,10.56,12.47,Risque faible d'inondation. Dans votre département la zone la plus à risque a 12.47% de probabilité de subir une inondation dans les 24 prochaines heures
26,0,0,0,0,9.78,12.7,Risque faible d'inondation. Dans votre département la zone la plus à risque a 12.7% de probabilité de subir une inondation dans les 24 prochaines heures
26,0,0,1,0,11.47,12.7,Risque faible d'inondation. Dans votre département la zone la plus à risque a 12.7% de probabilité de subir une inondation dans les 24 prochaines heures
26,0,1,0,0,10.91,12.7,Risque faible d'inondation. Dans votre département la zone la plus à risque a 12.7% de probabilité de subir une inondation dans les 24 prochaines heures
26,0,1,1,0,9.78,12.7,Risque faible d'inondation. Dans votre département la zone la plus à risque a 12.7% de probabilité de subir une inondation dans les 24 prochaines heures
26,1,0,0,0,11.71,12.7,Risque faible d'inondation. Dans votre département la zone la plus à risque a 12.7% de probabilité de subir une inondation dans les 24 prochaines heures
26,1,0,1,0,12.7,12.7,Risque faible d'inondation. Dans votre département la zone la plus à risque a 12.7% de probabilité de subir une inondation dans les 24 prochaines heures
26,1,1,0,0,10.87,12.7,Risque faible d'inondation. Dans votre département la zone la plus à risque a 12.7% de probabilité de subir une inondation dans les 24 prochaines heures
26,1,1,1,0,10.84,12.7,Risque faible d'inondation. Dans votre département la zone la plus à risque a 12.7% de probabilité de subir une inondation dans les 24 prochaines heures
27,0,0,0,0,18.56,18.56,Risque faible d'inondation. Dans votre département la zone la plus à risque a 18.56% de probabilité de subir une inondation dans les 24 prochaines heures
28,0,0,0,0,20.25,20.25,Risque faible d'inondation. Dans votre département la zone la plus à risque a 20.25% de probabilité de subir une inondation dans les 24 prochaines heures
29,0,0,0,0,16.32,16.32,Risque faible d'inondation. Dans votre département la zone la plus à risque a 16.32% de probabilité de subir une inondation dans les 24 prochaines heures
2A,0,0,0,0,14.43,14.43,Risque faible d'inondation. Dans votre département la zone la plus à risque a 14.43% de probabilité de subir une inondation dans les 24 prochaines heures
2A,0,1,0,0,11.61,14.43,Risque faible d'inondation. Dans votre département la zone la plus à risque a 14.43% de probabilité de subir une inondation dans les 24 prochaines heures
2B,0,0,0,0,13.38,13.38,Risque faible d'inondation. Dans votre département la zone la plus à risque a 13.38% de probabilité de subir une inondation dans les 24 prochaines heures
2B,0,1,0,0,10.6,13.38,Risque faible d'inondation. Dans votre département la zone la plus à risque a 13.38% de probabilité de subir une inondation dans les 24 prochaines heures
30,0,0,0,0,10.63,13.43,Risque faible d'inondation. Dans votre département la zone la plus à risque a 13.43% de probabilité de subir une inondation dans les 24 prochaines heures
30,0,0,1,0,12.27,13.43,Risque faible d'inondation. Dans votre département la zone la plus à risque a 13.43% de probabilité de subir une inondation dans les 24 prochaines heures
30,1,0,0,0,9.62,13.43,Risque faible d'inondation. Dans votre département la zone la plus à risque a 13.43% de probabilité de subir une inondation dans les 24 prochaines heures
30,1,0,1,0,7.46,13.43,Risque faible d'inondation. Dans votre département la zone la plus à risque a 13.43% de probabilité de subir une inondation dans les 24 prochaines heures
30,1,1,0,0,13.43,13.43,Risque faible d'inondation. Dans votre département la zone la plus à risque a 13.43% de probabilité de subir une inondation dans les 24 prochaines heures
30,1,1,1,0,9.49,13.43,Risque faible d'inondation. Dans votre département la zone la plus à risque a 13.43% de probabilité de subir une inondation dans les 24 prochaines heures
31,0,0,0,0,11.45,13.47,Risque faible d'inondation. Dans votre département la zone la plus à risque a 13.47% de probabilité de subir une inondation dans les 24 prochaines heures
31,0,0,1,0,12.42,13.47,Risque faible d'inondation. Dans votre département la zone la plus à risque a 13.47% de probabilité de subir une inondation dans les 24 prochaines heures
31,0,1,0,0,11.59,13.47,Risque faible d'inondation. Dans votre département la zone la plus à risque a 13.47% de probabilité de subir une inondation dans les 24 prochaines heures
31,0,1,1,0,10.56,13.47,Risque faible d'inondation. Dans votre département la zone la plus à risque a 13.47% de probabilité de subir une inondation dans les 24 prochaines heures
31,1,0,0,0,13.47,13.47,Risque faible d'inondation. Dans votre département la zone la plus à risque a 13.47% de probabilité de subir une inondation dans les 24 prochaines heures
31,1,0,1,0,11.65,13.47,Risque faible d'inondation. Dans votre département la zone la plus à risque a 13.47% de probabilité de subir une inondation dans les 24 prochaines heures
31,1,1,0,0,11.26,13.47,Risque faible d'inondation. Dans votre département la zone la plus à risque a 13.47% de probabilité de subir une inondation dans les 24 prochaines heures
31,1,1,1,0,10.36,13.47,Risque faible d'inondation. Dans votre département la zone la plus à risque a 13.47% de probabilité de subir une inondation dans les 24 prochaines heures
32,0,0,1,0,10.65,10.65,Risque faible d'inondation. Dans votre département la zone la plus à risque a 10.65% de probabilité de subir une inondation dans les 24 prochaines heures
32,1,0,1,0,6.82,10.65,Risque faible d'inondation. Dans votre département la zone la plus à risque a 10.65% de probabilité de subir une inondation dans les 24 prochaines heures
33,0,0,0,0,16.39,16.39,Risque faible d'inondation. Dans votre département la zone la plus à risque a 16.39% de probabilité de subir une inondation dans les 24 prochaines heures
33,0,0,1,0,15.24,16.39,Risque faible d'inondation. Dans votre département la zone la plus à risque a 16.39% de probabilité de subir une inondation dans les 24 prochaines heures
34,0,0,0,0,6.7,9.64,Risque faible d'inondation. Dans votre département la zone la plus à risque a 9.64% de probabilité de subir une inondation dans les 24 prochaines heures
34,0,1,0,0,6.66,9.64,Risque faible d'inondation. Dans votre département la zone la plus à risque a 9.64% de probabilité de subir une inondation dans les 24 prochaines heures
34,1,0,0,0,9.64,9.64,Risque faible d'inondation. Dans votre département la zone la plus à risque a 9.64% de probabilité de subir une inondation dans les 24 prochaines heures
34,1,0,1,0,3.88,9.64,Risque faible d'inondation. Dans votre département la zone la plus à risque a 9.64% de probabilité de subir une inondation dans les 24 prochaines heures
34,1,1,0,0,9.42,9.64,Risque faible d'inondation. Dans votre département la zone la plus à risque a 9.64% de probabilité de subir une inondation dans les 24 prochaines heures
34,1,1,1,0,4.48,9.64,Risque faible d'inondation. Dans votre département la zone la plus à risque a 9.64% de probabilité de subir une inondation dans les 24 prochaines heures
35,0,0,0,0,16.44,16.44,Risque faible d'inondation. Dans votre département la zone la plus à risque a 16.44% de probabilité de subir une inondation dans les 24 prochaines heures
36,0,0,0,0,19.15,19.17,Risque faible d'inondation. Dans votre département la zone la plus à risque a 19.17% de probabilité de subir une inondation dans les 24 prochaines heures
36,0,0,1,0,19.17,19.17,Risque faible d'inondation. Dans votre département la zone la plus à risque a 19.17% de probabilité de subir une inondation dans les 24 prochaines heures
37,0,0,0,0,18.4,22.88,Risque faible d'inondation. Dans votre département la zone la plus à risque a 22.88% de probabilité de subir une inondation dans les 24 prochaines heures
37,0,0,1,0,22.88,22.88,Risque faible d'inondation. Dans votre département la zone la plus à risque a 22.88% de probabilité de subir une inondation dans les 24 prochaines heures
38,0,0,0,0,10.81,10.81,Risque faible d'inondation. Dans votre département la zone la plus à risque a 10.81% de probabilité de subir une inondation dans les 24 prochaines heures
38,0,0,1,0,9.75,10.81,Risque faible d'inondation. Dans votre département la zone la plus à risque a 10.81% de probabilité de subir une inondation dans les 24 prochaines heures
38,0,1,0,0,8.79,10.81,Risque faible d'inondation. Dans votre département la zone la plus à risque a 10.81% de probabilité de subir une inondation dans les 24 prochaines heures
38,0,1,1,0,8.68,10.81,Risque faible d'inondation. Dans votre département la zone la plus à risque a 10.81% de probabilité de subir une inondation dans les 24 prochaines heures
38,1,0,0,0,9.85,10.81,Risque faible d'inondation. Dans votre département la zone la plus à risque a 10.81% de probabilité de subir une inondation dans les 24 prochaines heures
38,1,0,1,0,8.89,10.81,Risque faible d'inondation. Dans votre département la zone la plus à risque a 10.81% de probabilité de subir une inondation dans les 24 prochaines heures
38,1,1,0,0,8.47,10.81,Risque faible d'inondation. Dans votre département la zone la plus à risque a 10.81% de probabilité de subir une inondation dans les 24 prochaines heures
38,1,1,1,0,7.5,10.81,Risque faible d'inondation. Dans votre département la zone la plus à risque a 10.81% de probabilité de subir une inondation dans les 24 prochaines heures
39,0,0,0,0,11.45,12.47,Risque faible d'inondation. Dans votre département la zone la plus à risque a 12.47% de probabilité de subir une inondation dans les 24 prochaines heures
39,0,0,1,0,12.47,12.47,Risque faible d'inondation. Dans votre département la zone la plus à risque a 12.47% de probabilité de subir une inondation dans les 24 prochaines heures
39,0,1,0,0,8.77,12.47,Risque faible d'inondation. Dans votre département la zone la plus à risque a 12.47% de probabilité de subir une inondation dans les 24 prochaines heures
40,0,0,0,0,6.58,7.41,Risque faible d'inondation. Dans votre département la zone la plus à risque a 7.41% de probabilité de subir une inondation dans les 24 prochaines heures
40,0,0,1,0,7.41,7.41,Risque faible d'inondation. Dans votre département la zone la plus à risque a 7.41% de probabilité de subir une inondation dans les 24 prochaines heures
41,0,0,0,0,17.4,18.14,Risque faible d'inondation. Dans votre département la zone la plus à risque a 18.14% de probabilité de subir une inondation dans les 24 prochaines heures
41,0,0,1,0,18.14,18.14,Risque faible d'inondation. Dans votre département la zone la plus à risque a 18.14% de probabilité de subir une inondation dans les 24 prochaines heures
42,0,0,0,0,5.68,8.65,Risque faible d'inondation. Dans votre département la zone la plus à risque a 8.65% de probabilité de subir une inondation dans les 24 prochaines heures
42,0,0,1,0,5.7,8.65,Risque faible d'inondation. Dans votre département la zone la plus à risque a 8.65% de probabilité de subir une inondation dans les 24 prochaines heures
42,0,1,0,0,6.68,8.65,Risque faible d'inondation. Dans votre département la zone la plus à risque a 8.65% de probabilité de subir une inondation dans les 24 prochaines heures
42,0,1,1,0,6.7,8.65,Risque faible d'inondation. Dans votre département la zone la plus à risque a 8.65% de probabilité de subir une inondation dans les 24 prochaines heures
42,1,0,0,0,8.65,8.65,Risque faible d'inondation. Dans votre département la zone la plus à risque a 8.65% de probabilité de subir une inondation dans les 24 prochaines heures
42,1,0,1,0,5.86,8.65,Risque faible d'inondation. Dans votre département la zone la plus à risque a 8.65% de probabilité de subir une inondation dans les 24 prochaines heures
42,1,1,0,0,7.21,8.65,Risque faible d'inondation. Dans votre département la zone la plus à risque a 8.65% de probabilité de subir une inondation dans les 24 prochaines heures
42,1,1,1,0,5.32,8.65,Risque faible d'inondation. Dans votre département la zone la plus à risque a 8.65% de probabilité de subir une inondation dans les 24 prochaines heures
43,0,0,1,0,5.66,5.75,Risque faible d'inondation. Dans votre département la zone la plus à risque a 5.75% de probabilité de subir une inondation dans les 24 prochaines heures
43,0,1,0,0,4.88,5.75,Risque faible d'inondation. Dans votre département la zone la plus à risque a 5.75% de probabilité de subir une inondation dans les 24 prochaines heures
43,0,1,1,0,5.75,5.75,Risque faible d'inondation. Dans votre département la zone la plus à risque a 5.75% de probabilité de subir une inondation dans les 24 prochaines heures
44,0,0,0,0,15.65,15.65,Risque faible d'inondation. Dans votre département la zone la plus à risque a 15.65% de probabilité de subir une inondation dans les 24 prochaines heures
45,0,0,0,0,17.39,18.24,Risque faible d'inondation. Dans votre département la zone la plus à risque a 18.24% de probabilité de subir une inondation dans les 24 prochaines heures
45,0,0,1,0,18.24,18.24,Risque faible d'inondation. Dans votre département la zone la plus à risque a 18.24% de probabilité de subir une inondation dans les 24 prochaines heures
46,0,0,1,0,12.42,12.42,Risque faible d'inondation. Dans votre département la zone la plus à risque a 12.42% de probabilité de subir une inondation dans les 24 prochaines heures
46,0,1,0,0,11.59,12.42,Risque faible d'inondation. Dans votre département la zone la plus à risque a 12.42% de probabilité de subir une inondation dans les 24 prochaines heures
46,0,1,1,0,10.56,12.42,Risque faible d'inondation. Dans votre département la zone la plus à risque a 12.42% de probabilité de subir une inondation dans les 24 prochaines heures
47,0,0,0,0,6.84,11.85,Risque faible d'inondation. Dans votre département la zone la plus à risque a 11.85% de probabilité de subir une inondation dans les 24 prochaines heures
47,0,0,1,0,11.85,11.85,Risque faible d'inondation. Dans votre département la zone la plus à risque a 11.85% de probabilité de subir une inondation dans les 24 prochaines heures
47,1,0,0,0,10.78,11.85,Risque faible d'inondation. Dans votre département la zone la plus à risque a 11.85% de probabilité de subir une inondation dans les 24 prochaines heures
47,1,0,1,0,10.92,11.85,Risque faible d'inondation. Dans votre département la zone la plus à risque a 11.85% de probabilité de subir une inondation dans les 24 prochaines heures
48,0,0,0,0,1.96,3.96,Risque faible d'inondation. Dans votre département la zone la plus à risque a 3.96% de probabilité de subir une inondation dans les 24 prochaines heures
48,0,0,1,0,2.88,3.96,Risque faible d'inondation. Dans votre département la zone la plus à risque a 3.96% de probabilité de subir une inondation dans les 24 prochaines heures
48,0,1,0,0,3.96,3.96,Risque faible d'inondation. Dans votre département la zone la plus à risque a 3.96% de probabilité de subir une inondation dans les 24 prochaines heures
49,0,0,0,0,8.13,12.03,Risque faible d'inondation. Dans votre département la zone la plus à risque a 12.03% de probabilité de subir une inondation dans les 24 prochaines heures
49,0,0,1,0,12.03,12.03,Risque faible d'inondation. Dans votre département la zone la plus à risque a 12.03% de probabilité de subir une inondation dans les 24 prochaines heures
49,1,0,0,0,9.11,12.03,Risque faible d'inondation. Dans votre département la zone la plus à risque a 12.03% de probabilité de subir une inondation dans les 24 prochaines heures
49,1,0,1,0,9.3,12.03,Risque faible d'inondation. Dans votre département la zone la plus à risque a 12.03% de probabilité de subir une inondation dans les 24 prochaines heures
50,0,0,0,0,20.61,20.64,Risque faible d'inondation. Dans votre département la zone la plus à risque a 20.64% de probabilité de subir une inondation dans les 24 prochaines heures
50,1,0,0,0,20.64,20.64,Risque faible d'inondation. Dans votre département la zone la plus à risque a 20.64% de probabilité de subir une inondation dans les 24 prochaines heures
51,0,0,0,0,14.4,14.4,Risque faible d'inondation. Dans votre département la zone la plus à risque a 14.4% de probabilité de subir une inondation dans les 24 prochaines heures
52,0,0,0,0,18.44,18.44,Risque faible d'inondation. Dans votre département la zone la plus à risque a 18.44% de probabilité de subir une inondation dans les 24 prochaines heures
52,0,0,1,0,14.43,18.44,Risque faible d'inondation. Dans votre département la zone la plus à risque a 18.44% de probabilité de subir une inondation dans les 24 prochaines heures
53,0,0,0,0,16.52,16.52,Risque faible d'inondation. Dans votre département la zone la plus à risque a 16.52% de probabilité de subir une inondation dans les 24 prochaines heures
54,0,0,0,0,11.52,17.47,Risque faible d'inondation. Dans votre département la zone la plus à risque a 17.47% de probabilité de subir une inondation dans les 24 prochaines heures
54,0,0,1,0,14.32,17.47,Risque faible d'inondation. Dans votre département la zone la plus à risque a 17.47% de probabilité de subir une inondation dans les 24 prochaines heures
54,0,1,0,0,9.65,17.47,Risque faible d'inondation. Dans votre département la zone la plus à risque a 17.47% de probabilité de subir une inondation dans les 24 prochaines heures
54,1,0,0,0,15.34,17.47,Risque faible d'inondation. Dans votre département la zone la plus à risque a 17.47% de probabilité de subir une inondation dans les 24 prochaines heures
54,1,0,1,0,17.47,17.47,Risque faible d'inondation. Dans votre département la zone la plus à risque a 17.47% de probabilité de subir une inondation dans les 24 prochaines heures
54,1,1,0,0,11.2,17.47,Risque faible d'inondation. Dans votre département la zone la plus à risque a 17.47% de probabilité de subir une inondation dans les 24 prochaines heures
55,0,0,0,0,11.53,11.53,Risque faible d'inondation. Dans votre département la zone la plus à risque a 11.53% de probabilité de subir une inondation dans les 24 prochaines heures
56,0,0,0,0,23.58,23.58,Risque faible d'inondation. Dans votre département la zone la plus à risque a 23.58% de probabilité de subir une inondation dans les 24 prochaines heures
57,0,0,0,0,11.46,15.47,Risque faible d'inondation. Dans votre département la zone la plus à risque a 15.47% de probabilité de subir une inondation dans les 24 prochaines heures
57,0,0,1,0,13.32,15.47,Risque faible d'inondation. Dans votre département la zone la plus à risque a 15.47% de probabilité de subir une inondation dans les 24 prochaines heures
57,0,1,0,0,8.65,15.47,Risque faible d'inondation. Dans votre département la zone la plus à risque a 15.47% de probabilité de subir une inondation dans les 24 prochaines heures
57,1,0,0,0,15.28,15.47,Risque faible d'inondation. Dans votre département la zone la plus à risque a 15.47% de probabilité de subir une inondation dans les 24 prochaines heures
57,1,0,1,0,15.47,15.47,Risque faible d'inondation. Dans votre département la zone la plus à risque a 15.47% de probabilité de subir une inondation dans les 24 prochaines heures
57,1,1,0,0,10.2,15.47,Risque faible d'inondation. Dans votre département la zone la plus à risque a 15.47% de probabilité de subir une inondation dans les 24 prochaines heures
58,0,0,0,0,17.46,17.46,Risque faible d'inondation. Dans votre département la zone la plus à risque a 17.46% de probabilité de subir une inondation dans les 24 prochaines heures
58,0,0,1,0,15.53,17.46,Risque faible d'inondation. Dans votre département la zone la plus à risque a 17.46% de probabilité de subir une inondation dans les 24 prochaines heures
58,0,1,0,0,12.76,17.46,Risque faible d'inondation. Dans votre département la zone la plus à risque a 17.46% de probabilité de subir une inondation dans les 24 prochaines heures
59,0,0,0,0,16.36,17.25,Risque faible d'inondation. Dans votre département la zone la plus à risque a 17.25% de probabilité de subir une inondation dans les 24 prochaines heures
59,1,0,0,0,17.25,17.25,Risque faible d'inondation. Dans votre département la zone la plus à risque a 17.25% de probabilité de subir une inondation dans les 24 prochaines heures
60,0,0,0,0,15.35,18.1,Risque faible d'inondation. Dans votre département la zone la plus à risque a 18.1% de probabilité de subir une inondation dans les 24 prochaines heures
60,1,0,0,0,18.1,18.1,Risque faible d'inondation. Dans votre département la zone la plus à risque a 18.1% de probabilité de subir une inondation dans les 24 prochaines heures
61,0,0,0,0,17.55,17.55,Risque faible d'inondation. Dans votre département la zone la plus à risque a 17.55% de probabilité de subir une inondation dans les 24 prochaines heures
61,0,0,1,0,15.52,17.55,Risque faible d'inondation. Dans votre département la zone la plus à risque a 17.55% de probabilité de subir une inondation dans les 24 prochaines heures
62,0,0,0,0,11.54,11.54,Risque faible d'inondation. Dans votre département la zone la plus à risque a 11.54% de probabilité de subir une inondation dans les 24 prochaines heures
62,1,0,0,0,11.48,11.54,Risque faible d'inondation. Dans votre département la zone la plus à risque a 11.54% de probabilité de subir une inondation dans les 24 prochaines heures
63,0,0,0,0,4.82,6.65,Risque faible d'inondation. Dans votre département la zone la plus à risque a 6.65% de probabilité de subir une inondation dans les 24 prochaines heures
63,0,0,1,0,6.56,6.65,Risque faible d'inondation. Dans votre département la zone la plus à risque a 6.65% de probabilité de subir une inondation dans les 24 prochaines heures
63,0,1,0,0,4.9,6.65,Risque faible d'inondation. Dans votre département la zone la plus à risque a 6.65% de probabilité de subir une inondation dans les 24 prochaines heures
63,0,1,1,0,6.65,6.65,Risque faible d'inondation. Dans votre département la zone la plus à risque a 6.65% de probabilité de subir une inondation dans les 24 prochaines heures
64,0,0,0,0,9.51,9.64,Risque faible d'inondation. Dans votre département la zone la plus à risque a 9.64% de probabilité de subir une inondation dans les 24 prochaines heures
64,0,0,1,0,9.34,9.64,Risque faible d'inondation. Dans votre département la zone la plus à risque a 9.64% de probabilité de subir une inondation dans les 24 prochaines heures
64,0,1,0,0,9.64,9.64,Risque faible d'inondation. Dans votre département la zone la plus à risque a 9.64% de probabilité de subir une inondation dans les 24 prochaines heures
64,0,1,1,0,8.47,9.64,Risque faible d'inondation. Dans votre département la zone la plus à risque a 9.64% de probabilité de subir une inondation dans les 24 prochaines heures
65,0,0,0,0,12.49,14.51,Risque faible d'inondation. Dans votre département la zone la plus à risque a 14.51% de probabilité de subir une inondation dans les 24 prochaines heures
65,0,0,1,0,11.48,14.51,Risque faible d'inondation. Dans votre département la zone la plus à risque a 14.51% de probabilité de subir une inondation dans les 24 prochaines heures
65,0,1,0,0,11.57,14.51,Risque faible d'inondation. Dans votre département la zone la plus à risque a 14.51% de probabilité de subir une inondation dans les 24 prochaines heures
65,1,0,0,0,14.51,14.51,Risque faible d'inondation. Dans votre département la zone la plus à risque a 14.51% de probabilité de subir une inondation dans les 24 prochaines heures
65,1,0,1,0,10.61,14.51,Risque faible d'inondation. Dans votre département la zone la plus à risque a 14.51% de probabilité de subir une inondation dans les 24 prochaines heures
65,1,1,0,0,11.24,14.51,Risque faible d'inondation. Dans votre département la zone la plus à risque a 14.51% de probabilité de subir une inondation dans les 24 prochaines heures
65,1,1,1,0,9.36,14.51,Risque faible d'inondation. Dans votre département la zone la plus à risque a 14.51% de probabilité de subir une inondation dans les 24 prochaines heures
66,0,0,0,0,2.0,4.75,Risque faible d'inondation. Dans votre département la zone la plus à risque a 4.75% de probabilité de subir une inondation dans les 24 prochaines heures
66,0,0,1,0,0.93,4.75,Risque faible d'inondation. Dans votre département la zone la plus à risque a 4.75% de probabilité de subir une inondation dans les 24 prochaines heures
66,0,1,0,0,4.75,4.75,Risque faible d'inondation. Dans votre département la zone la plus à risque a 4.75% de probabilité de subir une inondation dans les 24 prochaines heures
66,1,0,0,0,3.0,4.75,Risque faible d'inondation. Dans votre département la zone la plus à risque a 4.75% de probabilité de subir une inondation dans les 24 prochaines heures
66,1,0,1,0,1.0,4.75,Risque faible d'inondation. Dans votre département la zone la plus à risque a 4.75% de probabilité de subir une inondation dans les 24 prochaines heures
66,1,1,0,0,3.54,4.75,Risque faible d'inondation. Dans votre département la zone la plus à risque a 4.75% de probabilité de subir une inondation dans les 24 prochaines heures
67,0,0,0,0,31.41,31.46,Risque faible d'inondation. Dans votre département la zone la plus à risque a 31.46% de probabilité de subir une inondation dans les 24 prochaines heures
67,0,1,0,0,24.55,31.46,Risque faible d'inondation. Dans votre département la zone la plus à risque a 31.46% de probabilité de subir une inondation dans les 24 prochaines heures
67,1,0,0,0,31.46,31.46,Risque faible d'inondation. Dans votre département la zone la plus à risque a 31.46% de probabilité de subir une inondation dans les 24 prochaines heures
67,1,1,0,0,24.62,31.46,Risque faible d'inondation. Dans votre département la zone la plus à risque a 31.46% de probabilité de subir une inondation dans les 24 prochaines heures
68,0,0,0,0,26.24,26.24,Risque faible d'inondation. Dans votre département la zone la plus à risque a 26.24% de probabilité de subir une inondation dans les 24 prochaines heures
68,0,1,0,0,23.42,26.24,Risque faible d'inondation. Dans votre département la zone la plus à risque a 26.24% de probabilité de subir une inondation dans les 24 prochaines heures
69,0,0,0,0,5.5,9.0,Risque faible d'inondation. Dans votre département la zone la plus à risque a 9.0% de probabilité de subir une inondation dans les 24 prochaines heures
69,0,0,1,0,4.62,9.0,Risque faible d'inondation. Dans votre département la zone la plus à risque a 9.0% de probabilité de subir une inondation dans les 24 prochaines heures
69,0,1,0,0,7.5,9.0,Risque faible d'inondation. Dans votre département la zone la plus à risque a 9.0% de probabilité de subir une inondation dans les 24 prochaines heures
69,0,1,1,0,6.62,9.0,Risque faible d'inondation. Dans votre département la zone la plus à risque a 9.0% de probabilité de subir une inondation dans les 24 prochaines heures
69,1,0,0,0,8.54,9.0,Risque faible d'inondation. Dans votre département la zone la plus à risque a 9.0% de probabilité de subir une inondation dans les 24 prochaines heures
69,1,0,1,0,5.69,9.0,Risque faible d'inondation. Dans votre département la zone la plus à risque a 9.0% de probabilité de subir une inondation dans les 24 prochaines heures
69,1,1,0,0,9.0,9.0,Risque faible d'inondation. Dans votre département la zone la plus à risque a 9.0% de probabilité de subir une inondation dans les 24 prochaines heures
70,0,0,1,0,11.47,11.47,Risque faible d'inondation. Dans votre département la zone la plus à risque a 11.47% de probabilité de subir une inondation dans les 24 prochaines heures
70,0,1,0,0,9.72,11.47,Risque faible d'inondation. Dans votre département la zone la plus à risque a 11.47% de probabilité de subir une inondation dans les 24 prochaines heures
71,0,0,0,0,19.42,19.42,Risque faible d'inondation. Dans votre département la zone la plus à risque a 19.42% de probabilité de subir une inondation dans les 24 prochaines heures
71,0,0,1,0,17.49,19.42,Risque faible d'inondation. Dans votre département la zone la plus à risque a 19.42% de probabilité de subir une inondation dans les 24 prochaines heures
71,0,1,0,0,13.76,19.42,Risque faible d'inondation. Dans votre département la zone la plus à risque a 19.42% de probabilité de subir une inondation dans les 24 prochaines heures
71,0,1,1,0,14.62,19.42,Risque faible d'inondation. Dans votre département la zone la plus à risque a 19.42% de probabilité de subir une inondation dans les 24 prochaines heures
71,1,0,0,0,19.31,19.42,Risque faible d'inondation. Dans votre département la zone la plus à risque a 19.42% de probabilité de subir une inondation dans les 24 prochaines heures
71,1,0,1,0,15.6,19.42,Risque faible d'inondation. Dans votre département la zone la plus à risque a 19.42% de probabilité de subir une inondation dans les 24 prochaines heures
71,1,1,0,0,12.36,19.42,Risque faible d'inondation. Dans votre département la zone la plus à risque a 19.42% de probabilité de subir une inondation dans les 24 prochaines heures
71,1,1,1,0,12.29,19.42,Risque faible d'inondation. Dans votre département la zone la plus à risque a 19.42% de probabilité de subir une inondation dans les 24 prochaines heures
72,0,0,0,0,15.63,15.63,Risque faible d'inondation. Dans votre département la zone la plus à risque a 15.63% de probabilité de subir une inondation dans les 24 prochaines heures
72,0,0,1,0,15.44,15.63,Risque faible d'inondation. Dans votre département la zone la plus à risque a 15.63% de probabilité de subir une inondation dans les 24 prochaines heures
73,0,0,0,0,5.81,8.62,Risque faible d'inondation. Dans votre département la zone la plus à risque a 8.62% de probabilité de subir une inondation dans les 24 prochaines heures
73,0,0,1,0,5.69,8.62,Risque faible d'inondation. Dans votre département la zone la plus à risque a 8.62% de probabilité de subir une inondation dans les 24 prochaines heures
73,0,1,0,0,8.62,8.62,Risque faible d'inondation. Dans votre département la zone la plus à risque a 8.62% de probabilité de subir une inondation dans les 24 prochaines heures
73,0,1,1,0,8.5,8.62,Risque faible d'inondation. Dans votre département la zone la plus à risque a 8.62% de probabilité de subir une inondation dans les 24 prochaines heures
74,0,0,0,0,7.72,7.72,Risque faible d'inondation. Dans votre département la zone la plus à risque a 7.72% de probabilité de subir une inondation dans les 24 prochaines heures
74,0,1,0,0,6.86,7.72,Risque faible d'inondation. Dans votre département la zone la plus à risque a 7.72% de probabilité de subir une inondation dans les 24 prochaines heures
74,0,1,1,0,6.74,7.72,Risque faible d'inondation. Dans votre département la zone la plus à risque a 7.72% de probabilité de subir une inondation dans les 24 prochaines heures
75,0,0,0,0,15.59,15.59,Risque faible d'inondation. Dans votre département la zone la plus à risque a 15.59% de probabilité de subir une inondation dans les 24 prochaines heures
76,0,0,0,0,18.55,18.55,Risque faible d'inondation. Dans votre département la zone la plus à risque a 18.55% de probabilité de subir une inondation dans les 24 prochaines heures
77,0,0,0,0,20.39,21.97,Risque faible d'inondation. Dans votre département la zone la plus à risque a 21.97% de probabilité de subir une inondation dans les 24 prochaines heures
77,1,0,0,0,21.97,21.97,Risque faible d'inondation. Dans votre département la zone la plus à risque a 21.97% de probabilité de subir une inondation dans les 24 prochaines heures
78,0,0,0,0,13.6,13.6,Risque faible d'inondation. Dans votre département la zone la plus à risque a 13.6% de probabilité de subir une inondation dans les 24 prochaines heures
79,0,0,0,0,20.34,24.12,Risque faible d'inondation. Dans votre département la zone la plus à risque a 24.12% de probabilité de subir une inondation dans les 24 prochaines heures
79,0,0,1,0,24.12,24.12,Risque faible d'inondation. Dans votre département la zone la plus à risque a 24.12% de probabilité de subir une inondation dans les 24 prochaines heures
79,1,0,0,0,18.36,24.12,Risque faible d'inondation. Dans votre département la zone la plus à risque a 24.12% de probabilité de subir une inondation dans les 24 prochaines heures
79,1,0,1,0,18.28,24.12,Risque faible d'inondation. Dans votre département la zone la plus à risque a 24.12% de probabilité de subir une inondation dans les 24 prochaines heures
80,0,0,0,0,16.41,19.15,Risque faible d'inondation. Dans votre département la zone la plus à risque a 19.15% de probabilité de subir une inondation dans les 24 prochaines heures
80,1,0,0,0,19.15,19.15,Risque faible d'inondation. Dans votre département la zone la plus à risque a 19.15% de probabilité de subir une inondation dans les 24 prochaines heures
81,0,0,1,0,8.48,10.61,Risque faible d'inondation. Dans votre département la zone la plus à risque a 10.61% de probabilité de subir une inondation dans les 24 prochaines heures
81,0,1,0,0,9.59,10.61,Risque faible d'inondation. Dans votre département la zone la plus à risque a 10.61% de probabilité de subir une inondation dans les 24 prochaines heures
81,1,0,1,0,10.61,10.61,Risque faible d'inondation. Dans votre département la zone la plus à risque a 10.61% de probabilité de subir une inondation dans les 24 prochaines heures
81,1,1,0,0,9.26,10.61,Risque faible d'inondation. Dans votre département la zone la plus à risque a 10.61% de probabilité de subir une inondation dans les 24 prochaines heures
82,0,0,1,0,4.93,7.0,Risque faible d'inondation. Dans votre département la zone la plus à risque a 7.0% de probabilité de subir une inondation dans les 24 prochaines heures
82,1,0,0,0,6.94,7.0,Risque faible d'inondation. Dans votre département la zone la plus à risque a 7.0% de probabilité de subir une inondation dans les 24 prochaines heures
82,1,0,1,0,7.0,7.0,Risque faible d'inondation. Dans votre département la zone la plus à risque a 7.0% de probabilité de subir une inondation dans les 24 prochaines heures
82,1,1,0,0,6.94,7.0,Risque faible d'inondation. Dans votre département la zone la plus à risque a 7.0% de probabilité de subir une inondation dans les 24 prochaines heures
83,0,0,0,0,14.3,14.3,Risque faible d'inondation. Dans votre département la zone la plus à risque a 14.3% de probabilité de subir une inondation dans les 24 prochaines heures
83,0,0,1,0,11.43,14.3,Risque faible d'inondation. Dans votre département la zone la plus à risque a 14.3% de probabilité de subir une inondation dans les 24 prochaines heures
83,0,1,0,0,10.62,14.3,Risque faible d'inondation. Dans votre département la zone la plus à risque a 14.3% de probabilité de subir une inondation dans les 24 prochaines heures
84,0,0,0,0,11.47,11.47,Risque faible d'inondation. Dans votre département la zone la plus à risque a 11.47% de probabilité de subir une inondation dans les 24 prochaines heures
84,0,0,1,0,10.4,11.47,Risque faible d'inondation. Dans votre département la zone la plus à risque a 11.47% de probabilité de subir une inondation dans les 24 prochaines heures
84,0,1,0,0,8.75,11.47,Risque faible d'inondation. Dans votre département la zone la plus à risque a 11.47% de probabilité de subir une inondation dans les 24 prochaines heures
85,0,0,0,0,17.66,17.66,Risque faible d'inondation. Dans votre département la zone la plus à risque a 17.66% de probabilité de subir une inondation dans les 24 prochaines heures
85,0,0,1,0,17.45,17.66,Risque faible d'inondation. Dans votre département la zone la plus à risque a 17.66% de probabilité de subir une inondation dans les 24 prochaines heures
85,1,0,0,0,15.69,17.66,Risque faible d'inondation. Dans votre département la zone la plus à risque a 17.66% de probabilité de subir une inondation dans les 24 prochaines heures
85,1,0,1,0,14.58,17.66,Risque faible d'inondation. Dans votre département la zone la plus à risque a 17.66% de probabilité de subir une inondation dans les 24 prochaines heures
86,0,0,0,0,17.31,19.19,Risque faible d'inondation. Dans votre département la zone la plus à risque a 19.19% de probabilité de subir une inondation dans les 24 prochaines heures
86,0,0,1,0,19.19,19.19,Risque faible d'inondation. Dans votre département la zone la plus à risque a 19.19% de probabilité de subir une inondation dans les 24 prochaines heures
86,1,0,0,0,17.11,19.19,Risque faible d'inondation. Dans votre département la zone la plus à risque a 19.19% de probabilité de subir une inondation dans les 24 prochaines heures
86,1,0,1,0,16.34,19.19,Risque faible d'inondation. Dans votre département la zone la plus à risque a 19.19% de probabilité de subir une inondation dans les 24 prochaines heures
87,0,0,0,0,13.36,13.36,Risque faible d'inondation. Dans votre département la zone la plus à risque a 13.36% de probabilité de subir une inondation dans les 24 prochaines heures
87,0,0,1,0,11.43,13.36,Risque faible d'inondation. Dans votre département la zone la plus à risque a 13.36% de probabilité de subir une inondation dans les 24 prochaines heures
87,0,1,0,0,11.62,13.36,Risque faible d'inondation. Dans votre département la zone la plus à risque a 13.36% de probabilité de subir une inondation dans les 24 prochaines heures
88,0,0,0,0,11.51,15.48,Risque faible d'inondation. Dans votre département la zone la plus à risque a 15.48% de probabilité de subir une inondation dans les 24 prochaines heures
88,0,0,1,0,14.32,15.48,Risque faible d'inondation. Dans votre département la zone la plus à risque a 15.48% de probabilité de subir une inondation dans les 24 prochaines heures
88,0,1,0,0,10.6,15.48,Risque faible d'inondation. Dans votre département la zone la plus à risque a 15.48% de probabilité de subir une inondation dans les 24 prochaines heures
88,1,0,0,0,13.39,15.48,Risque faible d'inondation. Dans votre département la zone la plus à risque a 15.48% de probabilité de subir une inondation dans les 24 prochaines heures
88,1,0,1,0,15.48,15.48,Risque faible d'inondation. Dans votre département la zone la plus à risque a 15.48% de probabilité de subir une inondation dans les 24 prochaines heures
88,1,1,0,0,10.2,15.48,Risque faible d'inondation. Dans votre département la zone la plus à risque a 15.48% de probabilité de subir une inondation dans les 24 prochaines heures
89,0,0,0,0,18.41,18.41,Risque faible d'inondation. Dans votre département la zone la plus à risque a 18.41% de probabilité de subir une inondation dans les 24 prochaines heures
89,0,0,1,0,15.53,18.41,Risque faible d'inondation. Dans votre département la zone la plus à risque a 18.41% de probabilité de subir une inondation dans les 24 prochaines heures
89,0,1,0,0,12.77,18.41,Risque faible d'inondation. Dans votre département la zone la plus à risque a 18.41% de probabilité de subir une inondation dans les 24 prochaines heures
91,0,0,0,0,13.43,13.43,Risque faible d'inondation. Dans votre département la zone la plus à risque a 13.43% de probabilité de subir une inondation dans les 24 prochaines heures
93,0,0,0,0,23.41,23.41,Risque faible d'inondation. Dans votre département la zone la plus à risque a 23.41% de probabilité de subir une inondation dans les 24 prochaines heures
94,0,0,0,0,18.49,18.49,Risque faible d'inondation. Dans votre département la zone la plus à risque a 18.49% de probabilité de subir une inondation dans les 24 prochaines heures
95,0,0,0,0,11.49,11.49,Risque faible d'inondation. Dans votre département la zone la plus à risque a 11.49% de probabilité de subir une inondation dans les 24 prochaines heures
